User Input,Chatbot Response,Timestamp
hello,Hi there,2024-09-10 01:21:51
how are you ,My purpose is to assist you,2024-09-10 01:21:57
weather ,"I'm sorry, I cannot provide real-time weather information.",2024-09-10 01:22:20
How do I create a budget,"To make a budget, start by tracking your income and expenses. Then, allocate your income towards essential expenses like rent, food, and bills. Next, allocate some of your income towards savings and debt repayment. Finally, allocate the remainder of your income towards discretionary expenses like entertainment and hobbies.",2024-09-10 01:22:30
Today is a nice weather,"I'm sorry, I cannot provide real-time weather information.",2024-10-03 08:29:52
How's the weather today,"I'm sorry, I cannot provide real-time weather information.",2024-10-03 08:30:47
Hi,Hello,2024-10-03 08:30:56
hi,Nothing much,2024-12-04 19:46:58
hello,"I'm fine, thank you",2024-12-04 20:06:12
gpu,Growing a vegetable garden allows you to enjoy fresh produce and connect with nature.,2024-12-04 20:06:29
best gpu for 4k,"For 4K gaming, the RTX 4080 or RTX 4090 are the best options, offering the performance needed for high-quality gaming.",2024-12-04 20:06:57
HELLO,Nothing much,2024-12-04 20:13:20
bye,Goodbye,2024-12-04 20:15:08
best gpu,"Gardening tips include choosing the right plants for your climate, watering properly, and using organic fertilizers.",2024-12-11 00:46:35
 what is the best gpu,"Mindfulness techniques include meditation, deep breathing, body scanning, and mindful eating.",2024-12-11 00:46:58
 what is the best gpu for gaming,A powerful GPU speeds up rendering and real-time playback in editing software.,2024-12-11 00:47:17
 what is the best GPU for gaming,"For video editing, NVIDIA's RTX 3080 and AMD's Radeon RX 6800 XT are great choices.",2024-12-11 00:47:31
 what is the best GPU for gaming ,"For video editing, NVIDIA's RTX 3080 and AMD's Radeon RX 6800 XT are great choices.",2024-12-11 00:47:45
best GPU for 4K gaming,"4K gaming requires a high-end GPU, and the RTX 4080 or RTX 4090 are the best choices right now.",2024-12-11 00:49:22
best GPU for 4K gaming  ,"For 4K gaming, the RTX 4080 or RTX 4090 are the best options, offering the performance needed for high-quality gaming.",2024-12-11 00:49:40
